-- MySQL dump 10.13  Distrib 5.5.34, for debian-linux-gnu (x86_64)
--
-- Host: localhost    Database: school
-- ------------------------------------------------------
-- Server version	5.5.34-0ubuntu0.13.04.1

/*!40101 SET @OLD_CHARACTER_SET_CLIENT=@@CHARACTER_SET_CLIENT */;
/*!40101 SET @OLD_CHARACTER_SET_RESULTS=@@CHARACTER_SET_RESULTS */;
/*!40101 SET @OLD_COLLATION_CONNECTION=@@COLLATION_CONNECTION */;
/*!40101 SET NAMES utf8 */;
/*!40103 SET @OLD_TIME_ZONE=@@TIME_ZONE */;
/*!40103 SET TIME_ZONE='+00:00' */;
/*!40014 SET @OLD_UNIQUE_CHECKS=@@UNIQUE_CHECKS, UNIQUE_CHECKS=0 */;
/*!40014 SET @OLD_FOREIGN_KEY_CHECKS=@@FOREIGN_KEY_CHECKS, FOREIGN_KEY_CHECKS=0 */;
/*!40101 SET @OLD_SQL_MODE=@@SQL_MODE, SQL_MODE='NO_AUTO_VALUE_ON_ZERO' */;
/*!40111 SET @OLD_SQL_NOTES=@@SQL_NOTES, SQL_NOTES=0 */;

--
-- Table structure for table `auth_group`
--

DROP TABLE IF EXISTS `auth_group`;
/*!40101 SET @saved_cs_client     = @@character_set_client */;
/*!40101 SET character_set_client = utf8 */;
CREATE TABLE `auth_group` (
  `id` int(11) NOT NULL AUTO_INCREMENT,
  `name` varchar(80) NOT NULL,
  PRIMARY KEY (`id`),
  UNIQUE KEY `name` (`name`)
) ENGINE=InnoDB DEFAULT CHARSET=latin1;
/*!40101 SET character_set_client = @saved_cs_client */;

--
-- Dumping data for table `auth_group`
--

LOCK TABLES `auth_group` WRITE;
/*!40000 ALTER TABLE `auth_group` DISABLE KEYS */;
/*!40000 ALTER TABLE `auth_group` ENABLE KEYS */;
UNLOCK TABLES;

--
-- Table structure for table `auth_group_permissions`
--

DROP TABLE IF EXISTS `auth_group_permissions`;
/*!40101 SET @saved_cs_client     = @@character_set_client */;
/*!40101 SET character_set_client = utf8 */;
CREATE TABLE `auth_group_permissions` (
  `id` int(11) NOT NULL AUTO_INCREMENT,
  `group_id` int(11) NOT NULL,
  `permission_id` int(11) NOT NULL,
  PRIMARY KEY (`id`),
  UNIQUE KEY `group_id` (`group_id`,`permission_id`),
  KEY `auth_group_permissions_5f412f9a` (`group_id`),
  KEY `auth_group_permissions_83d7f98b` (`permission_id`),
  CONSTRAINT `group_id_refs_id_f4b32aac` FOREIGN KEY (`group_id`) REFERENCES `auth_group` (`id`),
  CONSTRAINT `permission_id_refs_id_6ba0f519` FOREIGN KEY (`permission_id`) REFERENCES `auth_permission` (`id`)
) ENGINE=InnoDB DEFAULT CHARSET=latin1;
/*!40101 SET character_set_client = @saved_cs_client */;

--
-- Dumping data for table `auth_group_permissions`
--

LOCK TABLES `auth_group_permissions` WRITE;
/*!40000 ALTER TABLE `auth_group_permissions` DISABLE KEYS */;
/*!40000 ALTER TABLE `auth_group_permissions` ENABLE KEYS */;
UNLOCK TABLES;

--
-- Table structure for table `auth_permission`
--

DROP TABLE IF EXISTS `auth_permission`;
/*!40101 SET @saved_cs_client     = @@character_set_client */;
/*!40101 SET character_set_client = utf8 */;
CREATE TABLE `auth_permission` (
  `id` int(11) NOT NULL AUTO_INCREMENT,
  `name` varchar(50) NOT NULL,
  `content_type_id` int(11) NOT NULL,
  `codename` varchar(100) NOT NULL,
  PRIMARY KEY (`id`),
  UNIQUE KEY `content_type_id` (`content_type_id`,`codename`),
  KEY `auth_permission_37ef4eb4` (`content_type_id`),
  CONSTRAINT `content_type_id_refs_id_d043b34a` FOREIGN KEY (`content_type_id`) REFERENCES `django_content_type` (`id`)
) ENGINE=InnoDB AUTO_INCREMENT=49 DEFAULT CHARSET=latin1;
/*!40101 SET character_set_client = @saved_cs_client */;

--
-- Dumping data for table `auth_permission`
--

LOCK TABLES `auth_permission` WRITE;
/*!40000 ALTER TABLE `auth_permission` DISABLE KEYS */;
INSERT INTO `auth_permission` VALUES (1,'Can add permission',1,'add_permission'),(2,'Can change permission',1,'change_permission'),(3,'Can delete permission',1,'delete_permission'),(4,'Can add group',2,'add_group'),(5,'Can change group',2,'change_group'),(6,'Can delete group',2,'delete_group'),(7,'Can add user',3,'add_user'),(8,'Can change user',3,'change_user'),(9,'Can delete user',3,'delete_user'),(10,'Can add content type',4,'add_contenttype'),(11,'Can change content type',4,'change_contenttype'),(12,'Can delete content type',4,'delete_contenttype'),(13,'Can add session',5,'add_session'),(14,'Can change session',5,'change_session'),(15,'Can delete session',5,'delete_session'),(16,'Can add site',6,'add_site'),(17,'Can change site',6,'change_site'),(18,'Can delete site',6,'delete_site'),(19,'Can add log entry',7,'add_logentry'),(20,'Can change log entry',7,'change_logentry'),(21,'Can delete log entry',7,'delete_logentry'),(22,'Can add user profile',8,'add_userprofile'),(23,'Can change user profile',8,'change_userprofile'),(24,'Can delete user profile',8,'delete_userprofile'),(25,'Can add challenge progress',9,'add_challengeprogress'),(26,'Can change challenge progress',9,'change_challengeprogress'),(27,'Can delete challenge progress',9,'delete_challengeprogress'),(28,'Can add migration history',10,'add_migrationhistory'),(29,'Can change migration history',10,'change_migrationhistory'),(30,'Can delete migration history',10,'delete_migrationhistory'),(31,'Can add course',11,'add_course'),(32,'Can change course',11,'change_course'),(33,'Can delete course',11,'delete_course'),(34,'Can add lesson',12,'add_lesson'),(35,'Can change lesson',12,'change_lesson'),(36,'Can delete lesson',12,'delete_lesson'),(37,'Can add challenge',13,'add_challenge'),(38,'Can change challenge',13,'change_challenge'),(39,'Can delete challenge',13,'delete_challenge'),(40,'Can add support code',14,'add_supportcode'),(41,'Can change support code',14,'change_supportcode'),(42,'Can delete support code',14,'delete_supportcode'),(43,'Can add instruction',15,'add_instruction'),(44,'Can change instruction',15,'change_instruction'),(45,'Can delete instruction',15,'delete_instruction'),(46,'Can add hint',16,'add_hint'),(47,'Can change hint',16,'change_hint'),(48,'Can delete hint',16,'delete_hint');
/*!40000 ALTER TABLE `auth_permission` ENABLE KEYS */;
UNLOCK TABLES;

--
-- Table structure for table `auth_user`
--

DROP TABLE IF EXISTS `auth_user`;
/*!40101 SET @saved_cs_client     = @@character_set_client */;
/*!40101 SET character_set_client = utf8 */;
CREATE TABLE `auth_user` (
  `id` int(11) NOT NULL AUTO_INCREMENT,
  `password` varchar(128) NOT NULL,
  `last_login` datetime NOT NULL,
  `is_superuser` tinyint(1) NOT NULL,
  `username` varchar(30) NOT NULL,
  `first_name` varchar(30) NOT NULL,
  `last_name` varchar(30) NOT NULL,
  `email` varchar(75) NOT NULL,
  `is_staff` tinyint(1) NOT NULL,
  `is_active` tinyint(1) NOT NULL,
  `date_joined` datetime NOT NULL,
  PRIMARY KEY (`id`),
  UNIQUE KEY `username` (`username`)
) ENGINE=InnoDB AUTO_INCREMENT=11 DEFAULT CHARSET=latin1;
/*!40101 SET character_set_client = @saved_cs_client */;

--
-- Dumping data for table `auth_user`
--

LOCK TABLES `auth_user` WRITE;
/*!40000 ALTER TABLE `auth_user` DISABLE KEYS */;
INSERT INTO `auth_user` VALUES (1,'pbkdf2_sha256$10000$J7trOfvwpZpp$muVVA0CuNkszGuFWp032043hlFUp9qFCs3tURAy6Geg=','2013-12-03 09:49:21',1,'admin','','','1@1.com',1,1,'2013-12-03 05:34:07'),(2,'pbkdf2_sha256$10000$PfDJV5sS2m2Y$lOtgOqVBx/jRfAH8wQdN6JlfKm1uj4Rv/Ii1Sq7QAlk=','2013-12-03 07:28:24',0,'weitongs','','','',0,1,'2013-12-03 05:35:12'),(3,'pbkdf2_sha256$10000$VEcyrXqu8fqT$xdqWhW7Xwd6H3LrGoEcqvCccOR5RnJjUmjz+B1XewZU=','2013-12-03 09:54:17',0,'ywlam','Henry','Lam','henry@sc.ca',0,1,'2013-12-03 05:44:28'),(4,'pbkdf2_sha256$10000$jxMXh3MIszcK$j/dANKl+uUT32JP5PJhixbStlXwuLsxgwTscx0syFNY=','2013-12-04 02:21:39',0,'nha28','','','',0,1,'2013-12-03 06:32:50'),(5,'pbkdf2_sha256$10000$Byowwf6Y7E1m$vIKEbApvtKZySk4metENWe0UHslYZakmz9OIyjWS/YE=','2013-12-03 07:09:08',0,'baker','','','',0,1,'2013-12-03 07:09:08'),(6,'pbkdf2_sha256$10000$wuUYVURieiOM$sCbyxwnR+7m0EToX6227ptAuEF699MMjogoVCWDdBOs=','2013-12-03 08:00:27',0,'tester1','','','',0,1,'2013-12-03 07:58:25'),(7,'pbkdf2_sha256$10000$RTvhJWQXuRPT$SUymjKCWfPxkJGWXT2yrGh8FezvO6J2YvW+9xzJI0QM=','2013-12-03 08:10:21',0,'helen','','','',0,1,'2013-12-03 08:10:21'),(8,'pbkdf2_sha256$10000$u2s9BztGkCTI$QoNPGNOcy2fPikKxrSiANjud53U1PkGtmR6f8zRVS24=','2013-12-03 09:51:52',0,'Hello','','','',0,1,'2013-12-03 09:51:52'),(9,'pbkdf2_sha256$10000$WkfmxoAQUCLU$R//GI4mHgVTcX7pXPTTXOMU2HufAFMTfsFgvmtS1IsY=','2013-12-03 11:24:51',0,'w','','','',0,1,'2013-12-03 11:24:51'),(10,'pbkdf2_sha256$10000$l1ru1j3ij7tx$VQ4LtGCebWLhZyZXQGZjuLqPp2fDDaK63WdN2k9msm0=','2013-12-03 11:39:22',0,'gh','','','',0,1,'2013-12-03 11:39:22');
/*!40000 ALTER TABLE `auth_user` ENABLE KEYS */;
UNLOCK TABLES;

--
-- Table structure for table `auth_user_groups`
--

DROP TABLE IF EXISTS `auth_user_groups`;
/*!40101 SET @saved_cs_client     = @@character_set_client */;
/*!40101 SET character_set_client = utf8 */;
CREATE TABLE `auth_user_groups` (
  `id` int(11) NOT NULL AUTO_INCREMENT,
  `user_id` int(11) NOT NULL,
  `group_id` int(11) NOT NULL,
  PRIMARY KEY (`id`),
  UNIQUE KEY `user_id` (`user_id`,`group_id`),
  KEY `auth_user_groups_6340c63c` (`user_id`),
  KEY `auth_user_groups_5f412f9a` (`group_id`),
  CONSTRAINT `user_id_refs_id_40c41112` FOREIGN KEY (`user_id`) REFERENCES `auth_user` (`id`),
  CONSTRAINT `group_id_refs_id_274b862c` FOREIGN KEY (`group_id`) REFERENCES `auth_group` (`id`)
) ENGINE=InnoDB DEFAULT CHARSET=latin1;
/*!40101 SET character_set_client = @saved_cs_client */;

--
-- Dumping data for table `auth_user_groups`
--

LOCK TABLES `auth_user_groups` WRITE;
/*!40000 ALTER TABLE `auth_user_groups` DISABLE KEYS */;
/*!40000 ALTER TABLE `auth_user_groups` ENABLE KEYS */;
UNLOCK TABLES;

--
-- Table structure for table `auth_user_user_permissions`
--

DROP TABLE IF EXISTS `auth_user_user_permissions`;
/*!40101 SET @saved_cs_client     = @@character_set_client */;
/*!40101 SET character_set_client = utf8 */;
CREATE TABLE `auth_user_user_permissions` (
  `id` int(11) NOT NULL AUTO_INCREMENT,
  `user_id` int(11) NOT NULL,
  `permission_id` int(11) NOT NULL,
  PRIMARY KEY (`id`),
  UNIQUE KEY `user_id` (`user_id`,`permission_id`),
  KEY `auth_user_user_permissions_6340c63c` (`user_id`),
  KEY `auth_user_user_permissions_83d7f98b` (`permission_id`),
  CONSTRAINT `user_id_refs_id_4dc23c39` FOREIGN KEY (`user_id`) REFERENCES `auth_user` (`id`),
  CONSTRAINT `permission_id_refs_id_35d9ac25` FOREIGN KEY (`permission_id`) REFERENCES `auth_permission` (`id`)
) ENGINE=InnoDB DEFAULT CHARSET=latin1;
/*!40101 SET character_set_client = @saved_cs_client */;

--
-- Dumping data for table `auth_user_user_permissions`
--

LOCK TABLES `auth_user_user_permissions` WRITE;
/*!40000 ALTER TABLE `auth_user_user_permissions` DISABLE KEYS */;
/*!40000 ALTER TABLE `auth_user_user_permissions` ENABLE KEYS */;
UNLOCK TABLES;

--
-- Table structure for table `courses_challenge`
--

DROP TABLE IF EXISTS `courses_challenge`;
/*!40101 SET @saved_cs_client     = @@character_set_client */;
/*!40101 SET character_set_client = utf8 */;
CREATE TABLE `courses_challenge` (
  `id` int(11) NOT NULL AUTO_INCREMENT,
  `lesson_id_id` int(11) NOT NULL,
  `title` varchar(100) NOT NULL,
  `no` smallint(6) NOT NULL,
  `description` longtext NOT NULL,
  `snippet` longtext NOT NULL,
  `answer_snippet` longtext NOT NULL,
  `next_url` varchar(20) NOT NULL,
  PRIMARY KEY (`id`),
  KEY `courses_challenge_08a52a00` (`lesson_id_id`),
  CONSTRAINT `lesson_id_id_refs_id_c713463a` FOREIGN KEY (`lesson_id_id`) REFERENCES `courses_lesson` (`id`)
) ENGINE=InnoDB AUTO_INCREMENT=7 DEFAULT CHARSET=latin1;
/*!40101 SET character_set_client = @saved_cs_client */;

--
-- Dumping data for table `courses_challenge`
--

LOCK TABLES `courses_challenge` WRITE;
/*!40000 ALTER TABLE `courses_challenge` DISABLE KEYS */;
INSERT INTO `courses_challenge` VALUES (1,1,'Skeleton of a HTML File',1,'<p>Before you can start making a webpage, you need to make your text file to a HTML page. This can be done by adding the basic HTML skeleton in the text file. Also, your text file should be saved as <code>.html</code> file.</p>\r\n<br>\r\n<p>We use <code>&lt;&gt;</code> mainly in a HTML file. Things that surrounded by <code>&lt;&gt;</code> are called <em>tags</em>.</p>\r\n<br>\r\n<p>HTML tags usually comes in a pair. There is an <em>opening</em> tag and a <em>closing</em> tag. The difference between them is that the closing tag has a slash.</p>\r\n<br>\r\n<p>An example of an opening tag:</p>\r\n<p><code>&lt;html&gt;</code></p>\r\n<br>\r\n<p>An example of an opening tag:</p>\r\n<p><code>&lt;&#47;html&gt;</code></p>\r\n<br>\r\n<p>Just to clearify, <code>&lt;!DOCTYPE html&gt;</code> is the only tag that does not need a closing tag.</p>\r\n',' ','<!DOCTYPE html><html></html>','next_challenge'),(2,1,'Create the Head',2,'<p>All the things that we add or modify will go in between the <code>&lt;html&gt;</code> and <code>&lt;&#47;html&gt;</code> tags.</p>\r\n<br>\r\n<p>HTML file always has two parts in it, which are the head and the body.</p>\r\n<br>\r\n<p>Both of them have an opening and a closing tags. Also, the head tags are always on the top of the body tags. Let’s explore the head tags first.</p>','<!DOCTYPE html><html></html>','<!DOCTYPE html><html><head></head></html>','next_challenge'),(3,1,'Create the Body',3,'<p>Despite the head part, body is another important part in a HTML file.</p>\r\n<br>\r\n<p>All the contents that show in the webpage will be typed in between the body tags, which include headings, paragraphs, and images.</p>\r\n<br>\r\n<p>Generally speaking, HTML file will read the file from top to down and from left to right.</p>','<!DOCTYPE html>\r\n<html>\r\n\r\n<head></head>\r\n\r\n</html>','<!DOCTYPE html><html><head></head><body></body></html>','next_lesson'),(4,2,'Title of the Page',1,'<p>As we all know, there is always a title for each of the webpage. It is located in the tab of the webpage in the browser.</p>\r\n<br>\r\n<p>It is simple to declare the title of the page. This action is done by using title tags. Easy enough?</p>\r\n<br>\r\n<p>Since title is not part of the content that will show in the webpage, the title tags are placed in between the head tags.</p>','<!DOCTYPE html><html><head></head><body></body></html>','<!DOCTYPE html><html><head><title></title></head><body></body></html>','next_challenge'),(5,2,'Create Elements in the Body',2,'<p>In order to make the webpage to show what we want, we will put contents in between the body tags.</p>\r\n<br>\r\n<p>The most basic thing that we can try is to add a paragraph. Adding a paragraph in HTML can be achieved by simply adding  an opening <code>p</code> and a closing <code>p</code> tags.<p>\r\n<br>\r\n<p>To add the content of the paragraph, type it in between the opening and closing p tags.</p>','<!DOCTYPE html><html><head><title></title></head><body></body></html>','<!DOCTYPE html><html><head><title></title></head><body><p></p></body></html>','next_challenge'),(6,2,'Block Elements and Inline Elements',3,'<p>In HTML language, there are two types of elements: block level elements and inline elements. </p>\r\n<br>\r\n<p>Generally, each block level element will start with a new line when it is created. However, inline element will not.</p>\r\n<br>\r\n<p>Examples of block level elements:</p>\r\n<p><code>&lt;p&gt; &lt;ol&gt; &lt;h3&gt; </code></p>\r\n<br>\r\n<p>Examples of inline elements:</p>\r\n<p><code>&lt;i&gt; &lt;img&gt; &lt;em&gt; </code></p>\r\n<br>\r\n<p>After finished adding a paragraph, you can have the whole paragraph in bold text by adding an inline element <code>&lt;b&gt; &lt;&#47;b&gt;</code> and have it surround the whole paragraph.</p>','<!DOCTYPE html>\r\n<html>\r\n\r\n<head>\r\n<title>\r\n</title>\r\n</head>\r\n\r\n<body>\r\n\r\n</body>\r\n\r\n</html>','<!DOCTYPE html><html><head><title></title></head><body><p><b></b></p></body></html>','end_of_course');
/*!40000 ALTER TABLE `courses_challenge` ENABLE KEYS */;
UNLOCK TABLES;

--
-- Table structure for table `courses_course`
--

DROP TABLE IF EXISTS `courses_course`;
/*!40101 SET @saved_cs_client     = @@character_set_client */;
/*!40101 SET character_set_client = utf8 */;
CREATE TABLE `courses_course` (
  `id` int(11) NOT NULL AUTO_INCREMENT,
  `title` varchar(50) NOT NULL,
  `slug` varchar(50) NOT NULL,
  `short_description` longtext NOT NULL,
  `long_description` longtext NOT NULL,
  `summary` longtext NOT NULL,
  PRIMARY KEY (`id`),
  KEY `courses_course_f52cfca0` (`slug`)
) ENGINE=InnoDB AUTO_INCREMENT=4 DEFAULT CHARSET=latin1;
/*!40101 SET character_set_client = @saved_cs_client */;

--
-- Dumping data for table `courses_course`
--

LOCK TABLES `courses_course` WRITE;
/*!40000 ALTER TABLE `courses_course` DISABLE KEYS */;
INSERT INTO `courses_course` VALUES (1,'HTML','html','HTML is a script language that allow us to manipulate webpages using simple text editor. HTML is very extensive and easy to learn. Want to know how easy is HTML? Come in and start learning!','HTML is an abbreviation of \"HyperText Mark-up Language\". HTML defines the structure of a web file by using a variety of tags and attributes. The correct structure for an HTML document starts with &lt;HTML&gt; &lt;HEAD&gt;(enter here what document is about) &lt;BODY&gt; and ends with &lt;&#47;BODY&gt; &lt;&#47;HTML&gt;. All the information you\'d like to include in your Web page fits in between the &lt;BODY&gt; and &lt;&#47;BODY&gt; tags. --Referenced by HTML.net','Well done! You have completed the HTML course. Try to create a website using what you got from the course!'),(3,'CSS','css','CSS is for styling HTML','.','.');
/*!40000 ALTER TABLE `courses_course` ENABLE KEYS */;
UNLOCK TABLES;

--
-- Table structure for table `courses_hint`
--

DROP TABLE IF EXISTS `courses_hint`;
/*!40101 SET @saved_cs_client     = @@character_set_client */;
/*!40101 SET character_set_client = utf8 */;
CREATE TABLE `courses_hint` (
  `id` int(11) NOT NULL AUTO_INCREMENT,
  `description` longtext NOT NULL,
  `challenge_id_id` int(11) NOT NULL,
  PRIMARY KEY (`id`),
  KEY `courses_hint_df1bd574` (`challenge_id_id`),
  CONSTRAINT `challenge_id_id_refs_id_959463e6` FOREIGN KEY (`challenge_id_id`) REFERENCES `courses_challenge` (`id`)
) ENGINE=InnoDB AUTO_INCREMENT=7 DEFAULT CHARSET=latin1;
/*!40101 SET character_set_client = @saved_cs_client */;

--
-- Dumping data for table `courses_hint`
--

LOCK TABLES `courses_hint` WRITE;
/*!40000 ALTER TABLE `courses_hint` DISABLE KEYS */;
INSERT INTO `courses_hint` VALUES (1,'<p>Is you input look like the following:</p>\r\n<p><code>&lt;!DOCTYPE html&gt; &lt;html&gt; &lt;&#47;html&gt;</code></p>\r\n<br><p><i>Hints can be improved in the future to be more helpful for user other than telling the answer.</i></p>',1),(2,'<p>Is you input look like the following:</p>\r\n<p><code>&lt;!DOCTYPE html&gt; &lt;html&gt; &lt;head&gt; &lt;&#47;head&gt; &lt;&#47;html&gt;</code></p>\r\n<p>Hints can be improved in the future to be more helpful for user other than telling the answer.</p>\r\n<br><p><i>Hints can be improved in the future to be more helpful for user other than telling the answer.</i></p>',2),(3,'<p>Is you input look like the following:</p>\r\n<p><code>&lt;!DOCTYPE html&gt; &lt;html&gt; &lt;head&gt; &lt;&#47;head&gt; \r\n&lt;body&gt; &lt;&#47;body&gt; &lt;&#47;html&gt;</code></p>\r\n<p>Hints can be improved in the future to be more helpful for user other than telling the answer.</p>\r\n<br><p><i>Hints can be improved in the future to be more helpful for user other than telling the answer.</i></p>',3),(4,'<p>Is you input look like the following:</p>\r\n<p><code>&lt;!DOCTYPE html&gt; &lt;html&gt;  &lt;head&gt; &lt;title&gt; This is the title of your page&lt;&#47;title&gt; &lt;&#47;head&gt; \r\n&lt;body&gt; &lt;&#47;body&gt; &lt;&#47;html&gt;</code></p>\r\n<p>Hints can be improved in the future to be more helpful for user other than telling the answer.</p>\r\n<br><p><i>Hints can be improved in the future to be more helpful for user other than telling the answer.</i></p>',4),(5,'<p>Is you input look like the following:</p>\r\n<p><code>&lt;!DOCTYPE html&gt; &lt;html&gt;  &lt;head&gt; &lt;title&gt; &lt;&#47;title&gt; &lt;&#47;head&gt; \r\n&lt;body&gt; &lt;p&gt; &lt;&#47;p&gt; &lt;&#47;body&gt; &lt;&#47;html&gt;</code></p>\r\n<p>Hints can be improved in the future to be more helpful for user other than telling the answer.</p>\r\n<br><p><i>Hints can be improved in the future to be more helpful for user other than telling the answer.</i></p>',5),(6,'<p>Is you input look like the following:</p>\r\n<p><code>&lt;!DOCTYPE html&gt; &lt;html&gt;  &lt;head&gt; &lt;title&gt; &lt;&#47;title&gt; &lt;&#47;head&gt; \r\n&lt;body&gt; &lt;p&gt; &lt;b&gt; &lt;&#47;b&gt; &lt;&#47;p&gt; &lt;&#47;body&gt; &lt;&#47;html&gt;</code></p>\r\n<p>Hints can be improved in the future to be more helpful for user other than telling the answer.</p>\r\n<br><p><i>Hints can be improved in the future to be more helpful for user other than telling the answer.</i></p>',6);
/*!40000 ALTER TABLE `courses_hint` ENABLE KEYS */;
UNLOCK TABLES;

--
-- Table structure for table `courses_instruction`
--

DROP TABLE IF EXISTS `courses_instruction`;
/*!40101 SET @saved_cs_client     = @@character_set_client */;
/*!40101 SET character_set_client = utf8 */;
CREATE TABLE `courses_instruction` (
  `id` int(11) NOT NULL AUTO_INCREMENT,
  `description` longtext NOT NULL,
  `challenge_id_id` int(11) NOT NULL,
  PRIMARY KEY (`id`),
  KEY `courses_instruction_df1bd574` (`challenge_id_id`),
  CONSTRAINT `challenge_id_id_refs_id_ca18f966` FOREIGN KEY (`challenge_id_id`) REFERENCES `courses_challenge` (`id`)
) ENGINE=InnoDB AUTO_INCREMENT=7 DEFAULT CHARSET=latin1;
/*!40101 SET character_set_client = @saved_cs_client */;

--
-- Dumping data for table `courses_instruction`
--

LOCK TABLES `courses_instruction` WRITE;
/*!40000 ALTER TABLE `courses_instruction` DISABLE KEYS */;
INSERT INTO `courses_instruction` VALUES (1,'<strong><p>Step 1</p></strong>\r\n<p>Try to put a DOCTYPE tag in the beginning.</p>\r\n<br>\r\n<strong><p>Step 2</p></strong>\r\n<p>Put the open and close html tags after the DOCTYPE tag.</p>\r\n<br>\r\n<strong><p>Step 3</p></strong>\r\n<p>Submit to see if you got it right.</p>\r\n',1),(2,'<strong><p>Step 1</p></strong>\r\n<p>After the opening html tag, put a opening tag of head.</p>\r\n<br>\r\n<strong><p>Step 2</p></strong>\r\n<p>In between the opening head tag and the closing html tag, put a closing head tag.</p>\r\n<br>\r\n<strong><p>Step 3</p></strong>\r\n<p>Submit to see if you got it right.</p>\r\n',2),(3,'<strong><p>Step 1</p></strong>\r\n<p>After the closing tag of head, type in a opening tag of body.</p>\r\n<br>\r\n<strong><p>Step 2</p></strong>\r\n<p>In between the opening body tag and the closing html tag, put a closing body tag.</p>\r\n<br>\r\n<strong><p>Step 3</p></strong>\r\n<p>Submit to see if you got it right.</p>',3),(4,'<strong><p>Step 1</p></strong>\r\n<p>In between the head tags, type in both opening and closing title tags. You can put anything you want in it.</p>\r\n<br>\r\n<strong><p>Step 2</p></strong>\r\n<p>The content you put in between the title tags will be shown as a title in your webpage.</p>\r\n<br>\r\n<strong><p>Step 3</p></strong>\r\n<p>Submit to see if you got it right.</p>',4),(5,'<strong><p>Step 1</p></strong>\r\n<p>In between the body tags, try to add a paragraph using p tags. Don\'t forget to fill up the content!</p>\r\n<br>\r\n<strong><p>Step 2</p></strong>\r\n<p>Take a look the preview box on the left side, you should now see the paragraph you just added.</p>\r\n<br>\r\n<strong><p>Step 3</p></strong>\r\n<p>Submit to see if you got it right.<p>',5),(6,'<p><strong>Step 1</strong><p>\r\n<p>In between the body tags, add a paragraph (block level element) to create a paragraph.</p>\r\n<br>\r\n<p><strong>Step 2</strong><p>\r\n<p>In between the paragraph, add the opening and closing b tags and type anything you want in between them.</p>\r\n<br>\r\n<p><strong>Step 3</strong><p>\r\n<p>Submit to check if you got it right.</p>',6);
/*!40000 ALTER TABLE `courses_instruction` ENABLE KEYS */;
UNLOCK TABLES;

--
-- Table structure for table `courses_lesson`
--

DROP TABLE IF EXISTS `courses_lesson`;
/*!40101 SET @saved_cs_client     = @@character_set_client */;
/*!40101 SET character_set_client = utf8 */;
CREATE TABLE `courses_lesson` (
  `id` int(11) NOT NULL AUTO_INCREMENT,
  `title` varchar(100) NOT NULL,
  `no` smallint(6) NOT NULL,
  `description` longtext NOT NULL,
  `course_id_id` int(11) NOT NULL,
  `video_link` varchar(200) NOT NULL,
  PRIMARY KEY (`id`),
  KEY `courses_lesson_064a9e9c` (`course_id_id`),
  CONSTRAINT `course_id_id_refs_id_aa9b8516` FOREIGN KEY (`course_id_id`) REFERENCES `courses_course` (`id`)
) ENGINE=InnoDB AUTO_INCREMENT=3 DEFAULT CHARSET=latin1;
/*!40101 SET character_set_client = @saved_cs_client */;

--
-- Dumping data for table `courses_lesson`
--

LOCK TABLES `courses_lesson` WRITE;
/*!40000 ALTER TABLE `courses_lesson` DISABLE KEYS */;
INSERT INTO `courses_lesson` VALUES (1,'HTML Basics',1,'The main idea of HTML basics is to teach you how to create a basic HTML file.',1,'http://www.youtube.com/embed/OIf47ba8tDg'),(2,'Basic HTML Elements',2,'HTML file is consisted on different elements.',1,'http://www.youtube.com/embed/mfCT6uiDLPE');
/*!40000 ALTER TABLE `courses_lesson` ENABLE KEYS */;
UNLOCK TABLES;

--
-- Table structure for table `courses_supportcode`
--

DROP TABLE IF EXISTS `courses_supportcode`;
/*!40101 SET @saved_cs_client     = @@character_set_client */;
/*!40101 SET character_set_client = utf8 */;
CREATE TABLE `courses_supportcode` (
  `id` int(11) NOT NULL AUTO_INCREMENT,
  `type` varchar(10) NOT NULL,
  `challenge_id_id` int(11) NOT NULL,
  `snippet` longtext NOT NULL,
  PRIMARY KEY (`id`),
  KEY `courses_supportcode_df1bd574` (`challenge_id_id`),
  CONSTRAINT `challenge_id_id_refs_id_b6bcfe54` FOREIGN KEY (`challenge_id_id`) REFERENCES `courses_challenge` (`id`)
) ENGINE=InnoDB AUTO_INCREMENT=2 DEFAULT CHARSET=latin1;
/*!40101 SET character_set_client = @saved_cs_client */;

--
-- Dumping data for table `courses_supportcode`
--

LOCK TABLES `courses_supportcode` WRITE;
/*!40000 ALTER TABLE `courses_supportcode` DISABLE KEYS */;
INSERT INTO `courses_supportcode` VALUES (1,'html',1,' ');
/*!40000 ALTER TABLE `courses_supportcode` ENABLE KEYS */;
UNLOCK TABLES;

--
-- Table structure for table `django_admin_log`
--

DROP TABLE IF EXISTS `django_admin_log`;
/*!40101 SET @saved_cs_client     = @@character_set_client */;
/*!40101 SET character_set_client = utf8 */;
CREATE TABLE `django_admin_log` (
  `id` int(11) NOT NULL AUTO_INCREMENT,
  `action_time` datetime NOT NULL,
  `user_id` int(11) NOT NULL,
  `content_type_id` int(11) DEFAULT NULL,
  `object_id` longtext,
  `object_repr` varchar(200) NOT NULL,
  `action_flag` smallint(5) unsigned NOT NULL,
  `change_message` longtext NOT NULL,
  PRIMARY KEY (`id`),
  KEY `django_admin_log_6340c63c` (`user_id`),
  KEY `django_admin_log_37ef4eb4` (`content_type_id`),
  CONSTRAINT `user_id_refs_id_c0d12874` FOREIGN KEY (`user_id`) REFERENCES `auth_user` (`id`),
  CONSTRAINT `content_type_id_refs_id_93d2d1f8` FOREIGN KEY (`content_type_id`) REFERENCES `django_content_type` (`id`)
) ENGINE=InnoDB AUTO_INCREMENT=61 DEFAULT CHARSET=latin1;
/*!40101 SET character_set_client = @saved_cs_client */;

--
-- Dumping data for table `django_admin_log`
--

LOCK TABLES `django_admin_log` WRITE;
/*!40000 ALTER TABLE `django_admin_log` DISABLE KEYS */;
INSERT INTO `django_admin_log` VALUES (1,'2013-12-03 05:39:09',1,11,'1','[HTML Course]',1,''),(2,'2013-12-03 05:40:54',1,12,'1','[HTML Course][Lesson 1]',1,''),(3,'2013-12-03 05:44:11',1,13,'1','[HTML Course][Lesson 1][Challenge 1: Skeleton of a HTML File]',1,''),(4,'2013-12-03 05:46:14',1,11,'1','[HTML Course]',2,'Changed short_description, long_description and summary.'),(5,'2013-12-03 05:47:27',1,13,'1','[HTML Course][Lesson 1][Challenge 1: Skeleton of a HTML File]',2,'Changed description. Changed description for hint \"[HTML Course][Lesson 1][Challenge 1: Skeleton of a HTML File] [Hint 1]\".'),(6,'2013-12-03 05:50:07',1,13,'2','[HTML Course][Lesson 1][Challenge 2: Create the Head]',1,''),(7,'2013-12-03 05:51:52',1,13,'3','[HTML Course][Lesson 1][Challenge 3: Create the Body]',1,''),(8,'2013-12-03 05:55:16',1,11,'1','[HTML Course]',2,'No fields changed.'),(9,'2013-12-03 05:55:29',1,12,'1','[HTML Course][Lesson 1]',2,'Changed description.'),(10,'2013-12-03 05:56:19',1,13,'3','[HTML Course][Lesson 1][Challenge 3: Create the Body]',2,'Changed description. Changed description for instruction \"[HTML Course][Lesson 1][Challenge 3: Create the Body] [Instruction 3]\".'),(11,'2013-12-03 05:56:48',1,13,'2','[HTML Course][Lesson 1][Challenge 2: Create the Head]',2,'Changed description for instruction \"[HTML Course][Lesson 1][Challenge 2: Create the Head] [Instruction 2]\".'),(12,'2013-12-03 05:57:18',1,13,'1','[HTML Course][Lesson 1][Challenge 1: Skeleton of a HTML File]',2,'Changed description for instruction \"[HTML Course][Lesson 1][Challenge 1: Skeleton of a HTML File] [Instruction 1]\".'),(13,'2013-12-03 06:00:43',1,12,'2','[HTML Course][Lesson 2]',1,''),(14,'2013-12-03 06:03:24',1,13,'4','[HTML Course][Lesson 2][Challenge 1: Title of the Page]',1,''),(15,'2013-12-03 06:22:03',1,13,'5','[HTML Course][Lesson 2][Challenge 2: Adding Elements in the Body]',1,''),(16,'2013-12-03 06:29:09',1,13,'1','[HTML Course][Lesson 1][Challenge 1: Skeleton of a HTML File]',2,'Changed description. Changed description for instruction \"[HTML Course][Lesson 1][Challenge 1: Skeleton of a HTML File] [Instruction 1]\".'),(17,'2013-12-03 06:31:39',1,13,'2','[HTML Course][Lesson 1][Challenge 2: Create the Head]',2,'Changed description.'),(18,'2013-12-03 06:34:28',1,13,'3','[HTML Course][Lesson 1][Challenge 3: Create the Body]',2,'Changed description.'),(19,'2013-12-03 06:36:33',1,13,'4','[HTML Course][Lesson 2][Challenge 1: Title of the Page]',2,'Changed description.'),(20,'2013-12-03 06:38:03',1,13,'5','[HTML Course][Lesson 2][Challenge 2: Create Elements in the Body]',2,'Changed title and description. Changed description for hint \"[HTML Course][Lesson 2][Challenge 2: Create Elements in the Body] [Hint 5]\".'),(21,'2013-12-03 06:50:38',1,13,'6','[HTML Course][Lesson 2][Challenge 3: Block Elements and Inline Elements]',1,''),(22,'2013-12-03 06:53:47',1,11,'2','[CSS Course]',1,''),(23,'2013-12-03 06:54:49',1,11,'2','[CSS Course]',3,''),(24,'2013-12-03 06:57:25',1,12,'2','[HTML Course][Lesson 2]',2,'Changed video_link.'),(25,'2013-12-03 06:57:36',1,12,'1','[HTML Course][Lesson 1]',2,'Changed video_link.'),(26,'2013-12-03 07:13:15',1,11,'1','[HTML Course]',2,'Changed short_description and long_description.'),(27,'2013-12-03 07:24:04',1,13,'1','[HTML Course][Lesson 1][Challenge 1: Skeleton of a HTML File]',2,'Changed description.'),(28,'2013-12-03 07:25:36',1,13,'3','[HTML Course][Lesson 1][Challenge 3: Create the Body]',2,'Changed snippet.'),(29,'2013-12-03 07:30:31',1,13,'6','[HTML Course][Lesson 2][Challenge 3: Block Elements and Inline Elements]',2,'Changed snippet. Changed description for instruction \"[HTML Course][Lesson 2][Challenge 3: Block Elements and Inline Elements] [Instruction 6]\". Added hint \"[HTML Course][Lesson 2][Challenge 3: Block Elements and Inline Elements] [Hint 6]\".'),(30,'2013-12-03 07:35:33',1,13,'6','[HTML Course][Lesson 2][Challenge 3: Block Elements and Inline Elements]',2,'Changed description for hint \"[HTML Course][Lesson 2][Challenge 3: Block Elements and Inline Elements] [Hint 6]\".'),(31,'2013-12-03 07:35:42',1,13,'5','[HTML Course][Lesson 2][Challenge 2: Create Elements in the Body]',2,'Changed description for hint \"[HTML Course][Lesson 2][Challenge 2: Create Elements in the Body] [Hint 5]\".'),(32,'2013-12-03 07:35:49',1,13,'4','[HTML Course][Lesson 2][Challenge 1: Title of the Page]',2,'Changed description for hint \"[HTML Course][Lesson 2][Challenge 1: Title of the Page] [Hint 4]\".'),(33,'2013-12-03 07:35:58',1,13,'3','[HTML Course][Lesson 1][Challenge 3: Create the Body]',2,'Changed description for hint \"[HTML Course][Lesson 1][Challenge 3: Create the Body] [Hint 3]\".'),(34,'2013-12-03 07:36:07',1,13,'2','[HTML Course][Lesson 1][Challenge 2: Create the Head]',2,'Changed description for hint \"[HTML Course][Lesson 1][Challenge 2: Create the Head] [Hint 2]\".'),(35,'2013-12-03 07:36:16',1,13,'1','[HTML Course][Lesson 1][Challenge 1: Skeleton of a HTML File]',2,'Changed description for hint \"[HTML Course][Lesson 1][Challenge 1: Skeleton of a HTML File] [Hint 1]\".'),(36,'2013-12-03 07:45:37',1,13,'1','[HTML Course][Lesson 1][Challenge 1: Skeleton of a HTML File]',2,'Changed description for hint \"[HTML Course][Lesson 1][Challenge 1: Skeleton of a HTML File] [Hint 1]\".'),(37,'2013-12-03 07:45:45',1,13,'2','[HTML Course][Lesson 1][Challenge 2: Create the Head]',2,'Changed description for hint \"[HTML Course][Lesson 1][Challenge 2: Create the Head] [Hint 2]\".'),(38,'2013-12-03 07:45:54',1,13,'3','[HTML Course][Lesson 1][Challenge 3: Create the Body]',2,'Changed description for hint \"[HTML Course][Lesson 1][Challenge 3: Create the Body] [Hint 3]\".'),(39,'2013-12-03 07:46:02',1,13,'4','[HTML Course][Lesson 2][Challenge 1: Title of the Page]',2,'Changed description for hint \"[HTML Course][Lesson 2][Challenge 1: Title of the Page] [Hint 4]\".'),(40,'2013-12-03 07:46:11',1,13,'5','[HTML Course][Lesson 2][Challenge 2: Create Elements in the Body]',2,'Changed description for hint \"[HTML Course][Lesson 2][Challenge 2: Create Elements in the Body] [Hint 5]\".'),(41,'2013-12-03 07:46:19',1,13,'6','[HTML Course][Lesson 2][Challenge 3: Block Elements and Inline Elements]',2,'Changed description for hint \"[HTML Course][Lesson 2][Challenge 3: Block Elements and Inline Elements] [Hint 6]\".'),(42,'2013-12-03 07:49:09',1,13,'2','[HTML Course][Lesson 1][Challenge 2: Create the Head]',2,'Changed answer_snippet.'),(43,'2013-12-03 07:49:20',1,13,'3','[HTML Course][Lesson 1][Challenge 3: Create the Body]',2,'No fields changed.'),(44,'2013-12-03 07:49:42',1,13,'3','[HTML Course][Lesson 1][Challenge 3: Create the Body]',2,'No fields changed.'),(45,'2013-12-03 07:49:56',1,13,'4','[HTML Course][Lesson 2][Challenge 1: Title of the Page]',2,'No fields changed.'),(46,'2013-12-03 07:50:06',1,13,'5','[HTML Course][Lesson 2][Challenge 2: Create Elements in the Body]',2,'No fields changed.'),(47,'2013-12-03 07:50:37',1,13,'5','[HTML Course][Lesson 2][Challenge 2: Create Elements in the Body]',2,'Changed answer_snippet and snippet.'),(48,'2013-12-03 07:50:41',1,13,'4','[HTML Course][Lesson 2][Challenge 1: Title of the Page]',2,'No fields changed.'),(49,'2013-12-03 07:51:02',1,13,'5','[HTML Course][Lesson 2][Challenge 2: Create Elements in the Body]',2,'No fields changed.'),(50,'2013-12-03 07:51:16',1,13,'6','[HTML Course][Lesson 2][Challenge 3: Block Elements and Inline Elements]',2,'No fields changed.'),(51,'2013-12-03 07:52:41',1,13,'3','[HTML Course][Lesson 1][Challenge 3: Create the Body]',2,'Changed next_url.'),(52,'2013-12-03 07:52:47',1,13,'6','[HTML Course][Lesson 2][Challenge 3: Block Elements and Inline Elements]',2,'Changed next_url.'),(53,'2013-12-03 07:54:39',1,13,'4','[HTML Course][Lesson 2][Challenge 1: Title of the Page]',2,'No fields changed.'),(54,'2013-12-03 07:54:48',1,3,'1','admin',2,'Changed password. Added user profile \"UserProfile object\".'),(55,'2013-12-03 07:54:48',1,13,'5','[HTML Course][Lesson 2][Challenge 2: Create Elements in the Body]',2,'No fields changed.'),(56,'2013-12-03 07:54:53',1,13,'6','[HTML Course][Lesson 2][Challenge 3: Block Elements and Inline Elements]',2,'No fields changed.'),(57,'2013-12-03 07:56:10',1,13,'6','[HTML Course][Lesson 2][Challenge 3: Block Elements and Inline Elements]',2,'No fields changed.'),(58,'2013-12-03 07:57:02',1,13,'5','[HTML Course][Lesson 2][Challenge 2: Create Elements in the Body]',2,'Changed description for hint \"[HTML Course][Lesson 2][Challenge 2: Create Elements in the Body] [Hint 5]\".'),(59,'2013-12-03 08:00:13',1,13,'5','[HTML Course][Lesson 2][Challenge 2: Create Elements in the Body]',2,'Changed description for instruction \"[HTML Course][Lesson 2][Challenge 2: Create Elements in the Body] [Instruction 5]\".'),(60,'2013-12-03 11:24:05',1,11,'3','[CSS Course]',1,'');
/*!40000 ALTER TABLE `django_admin_log` ENABLE KEYS */;
UNLOCK TABLES;

--
-- Table structure for table `django_content_type`
--

DROP TABLE IF EXISTS `django_content_type`;
/*!40101 SET @saved_cs_client     = @@character_set_client */;
/*!40101 SET character_set_client = utf8 */;
CREATE TABLE `django_content_type` (
  `id` int(11) NOT NULL AUTO_INCREMENT,
  `name` varchar(100) NOT NULL,
  `app_label` varchar(100) NOT NULL,
  `model` varchar(100) NOT NULL,
  PRIMARY KEY (`id`),
  UNIQUE KEY `app_label` (`app_label`,`model`)
) ENGINE=InnoDB AUTO_INCREMENT=17 DEFAULT CHARSET=latin1;
/*!40101 SET character_set_client = @saved_cs_client */;

--
-- Dumping data for table `django_content_type`
--

LOCK TABLES `django_content_type` WRITE;
/*!40000 ALTER TABLE `django_content_type` DISABLE KEYS */;
INSERT INTO `django_content_type` VALUES (1,'permission','auth','permission'),(2,'group','auth','group'),(3,'user','auth','user'),(4,'content type','contenttypes','contenttype'),(5,'session','sessions','session'),(6,'site','sites','site'),(7,'log entry','admin','logentry'),(8,'user profile','patio','userprofile'),(9,'challenge progress','patio','challengeprogress'),(10,'migration history','south','migrationhistory'),(11,'course','courses','course'),(12,'lesson','courses','lesson'),(13,'challenge','courses','challenge'),(14,'support code','courses','supportcode'),(15,'instruction','courses','instruction'),(16,'hint','courses','hint');
/*!40000 ALTER TABLE `django_content_type` ENABLE KEYS */;
UNLOCK TABLES;

--
-- Table structure for table `django_session`
--

DROP TABLE IF EXISTS `django_session`;
/*!40101 SET @saved_cs_client     = @@character_set_client */;
/*!40101 SET character_set_client = utf8 */;
CREATE TABLE `django_session` (
  `session_key` varchar(40) NOT NULL,
  `session_data` longtext NOT NULL,
  `expire_date` datetime NOT NULL,
  PRIMARY KEY (`session_key`),
  KEY `django_session_b7b81f0c` (`expire_date`)
) ENGINE=InnoDB DEFAULT CHARSET=latin1;
/*!40101 SET character_set_client = @saved_cs_client */;

--
-- Dumping data for table `django_session`
--

LOCK TABLES `django_session` WRITE;
/*!40000 ALTER TABLE `django_session` DISABLE KEYS */;
INSERT INTO `django_session` VALUES ('1iqk8ugyl4p3u31ns15871o0cbx9hzq7','NWY1NmVlOTkzNTc0M2Q3ZmZkMTdlZjI2Zjk4NDVkNzJjYzA3MzMxZTp7Il9hdXRoX3VzZXJfYmFja2VuZCI6ImRqYW5nby5jb250cmliLmF1dGguYmFja2VuZHMuTW9kZWxCYWNrZW5kIiwiX2F1dGhfdXNlcl9pZCI6NH0=','2013-12-18 02:21:39'),('4ggpi9b511uwkf9ep0b3z3gp3lnauroo','MGRlZWI2ZTI5ZjcyYjg0YTU3OTc3YjU3YWIyNWI3YzE2ZjNjZDZmZDp7Il9hdXRoX3VzZXJfYmFja2VuZCI6ImRqYW5nby5jb250cmliLmF1dGguYmFja2VuZHMuTW9kZWxCYWNrZW5kIiwiX2F1dGhfdXNlcl9pZCI6M30=','2013-12-17 09:53:47'),('5udtew16m8z534d8xa7u75v1z25z1ykw','NzRhYzljZjYyOGFlY2JjMTZkZDc5Nzk3MGNlODE0M2JmZDhjM2Y0Mzp7Il9hdXRoX3VzZXJfYmFja2VuZCI6ImRqYW5nby5jb250cmliLmF1dGguYmFja2VuZHMuTW9kZWxCYWNrZW5kIiwiX2F1dGhfdXNlcl9pZCI6MTB9','2013-12-17 11:39:22'),('c3e4h5t5sa39qclsbiuym444afnlnwiv','ZjM3OWVmNGYwZTM3ZDY0NDc5NTNjYjg4MWJlOWNmYWI4Y2M5OWZjZTp7InRlc3Rjb29raWUiOiJ3b3JrZWQiLCJfYXV0aF91c2VyX2lkIjo2LCJfYXV0aF91c2VyX2JhY2tlbmQiOiJkamFuZ28uY29udHJpYi5hdXRoLmJhY2tlbmRzLk1vZGVsQmFja2VuZCJ9','2013-12-17 08:18:23'),('cxy4x0tjkucjvj1cqkl6nasvm7ot0o14','MGRlZWI2ZTI5ZjcyYjg0YTU3OTc3YjU3YWIyNWI3YzE2ZjNjZDZmZDp7Il9hdXRoX3VzZXJfYmFja2VuZCI6ImRqYW5nby5jb250cmliLmF1dGguYmFja2VuZHMuTW9kZWxCYWNrZW5kIiwiX2F1dGhfdXNlcl9pZCI6M30=','2013-12-17 09:54:17'),('dp6z02ah2uhxgu35gq81jxyh03rql0va','Njc3YjE0MmEzNjMxMDRmMDA1YTY4YTYzMGQ0YmU2OTU4ZTNkN2Y0NTp7InRlc3Rjb29raWUiOiJ3b3JrZWQiLCJfYXV0aF91c2VyX2JhY2tlbmQiOiJkamFuZ28uY29udHJpYi5hdXRoLmJhY2tlbmRzLk1vZGVsQmFja2VuZCIsIl9hdXRoX3VzZXJfaWQiOjd9','2013-12-17 08:10:21'),('mptqihep5lbad94dxmeb60rhc5xedkdu','NzY2YzE5M2ZmZTljYmU1Njg5ODdjNTRmNzY4NjZjOGFhNzZmYTFhYjp7InRlc3Rjb29raWUiOiJ3b3JrZWQifQ==','2013-12-17 09:30:17'),('szilpx1a4izoi9r1qdpwaoipmzltx2lz','NjQwNzEwY2E1YzY5MDAxZGUzODY1ZjNlOTc5ZjdkMjI4ZWJjNjI0NDp7Il9hdXRoX3VzZXJfYmFja2VuZCI6ImRqYW5nby5jb250cmliLmF1dGguYmFja2VuZHMuTW9kZWxCYWNrZW5kIiwiX2F1dGhfdXNlcl9pZCI6OH0=','2013-12-17 09:51:52'),('ty753teiv860jqd81q8ac6v0tk2swbjz','NzY2YzE5M2ZmZTljYmU1Njg5ODdjNTRmNzY4NjZjOGFhNzZmYTFhYjp7InRlc3Rjb29raWUiOiJ3b3JrZWQifQ==','2013-12-17 11:22:53'),('vej1clynz94cc7ndvqtu00dfysr2m908','OTU1Yjc1Nzg2OTM1YTUxYzljOWZjN2Y4Y2ViODk1YTU5YzY0ZTZiMDp7Il9hdXRoX3VzZXJfYmFja2VuZCI6ImRqYW5nby5jb250cmliLmF1dGguYmFja2VuZHMuTW9kZWxCYWNrZW5kIiwiX2F1dGhfdXNlcl9pZCI6OX0=','2013-12-17 11:24:51');
/*!40000 ALTER TABLE `django_session` ENABLE KEYS */;
UNLOCK TABLES;

--
-- Table structure for table `django_site`
--

DROP TABLE IF EXISTS `django_site`;
/*!40101 SET @saved_cs_client     = @@character_set_client */;
/*!40101 SET character_set_client = utf8 */;
CREATE TABLE `django_site` (
  `id` int(11) NOT NULL AUTO_INCREMENT,
  `domain` varchar(100) NOT NULL,
  `name` varchar(50) NOT NULL,
  PRIMARY KEY (`id`)
) ENGINE=InnoDB AUTO_INCREMENT=2 DEFAULT CHARSET=latin1;
/*!40101 SET character_set_client = @saved_cs_client */;

--
-- Dumping data for table `django_site`
--

LOCK TABLES `django_site` WRITE;
/*!40000 ALTER TABLE `django_site` DISABLE KEYS */;
INSERT INTO `django_site` VALUES (1,'example.com','example.com');
/*!40000 ALTER TABLE `django_site` ENABLE KEYS */;
UNLOCK TABLES;

--
-- Table structure for table `patio_challengeprogress`
--

DROP TABLE IF EXISTS `patio_challengeprogress`;
/*!40101 SET @saved_cs_client     = @@character_set_client */;
/*!40101 SET character_set_client = utf8 */;
CREATE TABLE `patio_challengeprogress` (
  `id` int(11) NOT NULL AUTO_INCREMENT,
  `challenge_id_id` int(11) NOT NULL,
  `user_id_id` int(11) NOT NULL,
  `snippet` longtext NOT NULL,
  `completed_date` date DEFAULT NULL,
  PRIMARY KEY (`id`),
  KEY `patio_challengeprogress_df1bd574` (`challenge_id_id`),
  KEY `patio_challengeprogress_1ffdedc6` (`user_id_id`),
  CONSTRAINT `challenge_id_id_refs_id_cfcebfe3` FOREIGN KEY (`challenge_id_id`) REFERENCES `courses_challenge` (`id`),
  CONSTRAINT `user_id_id_refs_id_df27bc66` FOREIGN KEY (`user_id_id`) REFERENCES `auth_user` (`id`)
) ENGINE=InnoDB AUTO_INCREMENT=33 DEFAULT CHARSET=latin1;
/*!40101 SET character_set_client = @saved_cs_client */;

--
-- Dumping data for table `patio_challengeprogress`
--

LOCK TABLES `patio_challengeprogress` WRITE;
/*!40000 ALTER TABLE `patio_challengeprogress` DISABLE KEYS */;
INSERT INTO `patio_challengeprogress` VALUES (1,1,3,'<!DOCTYPE html><html></html>','2013-12-02'),(2,2,3,'<!DOCTYPE html><html><head></head></html>','2013-12-02'),(3,1,2,' ',NULL),(4,4,3,'<!DOCTYPE html><html><head><title></title></head><body></body></html>','2013-12-02'),(5,1,4,'<!DOCTYPE html><html></html>','2013-12-02'),(6,2,4,'<!DOCTYPE html><html><head></head></html>','2013-12-02'),(7,3,4,'<!DOCTYPE html><html><head></head><body></body></html>','2013-12-02'),(8,4,4,'<!DOCTYPE html><html><head><title>This is my first website</title></head><body></body></html>','2013-12-02'),(9,5,4,'<!DOCTYPE html><html><head><title></title></head><body><p>henry</p></body></html>','2013-12-03'),(10,1,5,'<!DOCTYPE html><html></html>','2013-12-02'),(11,3,3,'<!DOCTYPE html><html><head></head><body></body></html>','2013-12-02'),(12,5,3,'<!DOCTYPE html><html><head><title></title></head><body><p></p><p></p></body></html>',NULL),(13,6,3,'<!DOCTYPE html><html><head><title></title></head><body><p></p></body></html>',NULL),(14,6,1,'<!DOCTYPE html>\n<html>\n\n<head>\n<title>\n</title>\n</head>\n\n<body>\n  <p><b></b></p>\n</body>\n\n</html>','2013-12-03'),(15,4,1,'<!DOCTYPE html><html><head><title></title></head><body></body></html>','2013-12-02'),(16,5,1,'<!DOCTYPE html><html><head><title></title></head><body><p></p></body></html>','2013-12-02'),(17,2,6,'<!DOCTYPE html><html></html>',NULL),(18,1,6,' ',NULL),(19,6,4,'<!DOCTYPE html>\n<html>\n\n<head>\n<title>\n</title>\n</head>\n\n<body>\n  <p>\n  <b>henry</b>\n  </p>\n</body>\n\n</html>','2013-12-03'),(20,4,6,'<!DOCTYPE html><html><head></head><body></body></html>',NULL),(21,5,6,'<!DOCTYPE html><html><head><title></title></head><body></body></html>',NULL),(22,1,7,'<!DOCTYPE html><html></html>','2013-12-03'),(23,2,7,'<!DOCTYPE html><html><head></head></html>','2013-12-03'),(24,3,7,'<!DOCTYPE html>\n<html>\n\n<head></head>\n  <body></body>\n</html>','2013-12-03'),(25,4,7,'<!DOCTYPE html><html><head><title></title></head><body></body></html>','2013-12-03'),(26,5,7,'<!DOCTYPE html><html><head><title></title></head><body><p></p></body></html>','2013-12-03'),(27,6,7,'<!DOCTYPE html>\n<html>\n\n<head>\n<title>\n</title>\n</head>\n\n<body>\n  <p><b></b></p>\n</body>\n\n</html>','2013-12-03'),(28,1,1,' ',NULL),(29,1,9,' ',NULL),(30,2,9,'<!DOCTYPE html><html><head>sdf</head>dfgdfg</html>','2013-12-03'),(31,1,8,' ',NULL),(32,3,9,'<!DOCTYPE html>\r\n<html>\r\n\r\n<head></head>\r\n\r\n</html>',NULL);
/*!40000 ALTER TABLE `patio_challengeprogress` ENABLE KEYS */;
UNLOCK TABLES;

--
-- Table structure for table `patio_userprofile`
--

DROP TABLE IF EXISTS `patio_userprofile`;
/*!40101 SET @saved_cs_client     = @@character_set_client */;
/*!40101 SET character_set_client = utf8 */;
CREATE TABLE `patio_userprofile` (
  `id` int(11) NOT NULL AUTO_INCREMENT,
  `user_id` int(11) NOT NULL,
  `about_me` longtext NOT NULL,
  `location` varchar(50) NOT NULL,
  `last_challenge_id` int(11) DEFAULT NULL,
  PRIMARY KEY (`id`),
  UNIQUE KEY `user_id` (`user_id`),
  KEY `patio_userprofile_23569e7c` (`last_challenge_id`),
  CONSTRAINT `last_challenge_id_refs_id_69803851` FOREIGN KEY (`last_challenge_id`) REFERENCES `courses_challenge` (`id`),
  CONSTRAINT `user_id_refs_id_53d0cbe2` FOREIGN KEY (`user_id`) REFERENCES `auth_user` (`id`)
) ENGINE=InnoDB AUTO_INCREMENT=11 DEFAULT CHARSET=latin1;
/*!40101 SET character_set_client = @saved_cs_client */;

--
-- Dumping data for table `patio_userprofile`
--

LOCK TABLES `patio_userprofile` WRITE;
/*!40000 ALTER TABLE `patio_userprofile` DISABLE KEYS */;
INSERT INTO `patio_userprofile` VALUES (1,2,'','',NULL),(2,3,'','',NULL),(3,4,'','',NULL),(4,5,'','',NULL),(5,1,'I am the admin','Singapore',NULL),(6,6,'','',NULL),(7,7,'','',NULL),(8,8,'','',NULL),(9,9,'','',NULL),(10,10,'','',NULL);
/*!40000 ALTER TABLE `patio_userprofile` ENABLE KEYS */;
UNLOCK TABLES;

--
-- Table structure for table `south_migrationhistory`
--

DROP TABLE IF EXISTS `south_migrationhistory`;
/*!40101 SET @saved_cs_client     = @@character_set_client */;
/*!40101 SET character_set_client = utf8 */;
CREATE TABLE `south_migrationhistory` (
  `id` int(11) NOT NULL AUTO_INCREMENT,
  `app_name` varchar(255) NOT NULL,
  `migration` varchar(255) NOT NULL,
  `applied` datetime NOT NULL,
  PRIMARY KEY (`id`)
) ENGINE=InnoDB DEFAULT CHARSET=latin1;
/*!40101 SET character_set_client = @saved_cs_client */;

--
-- Dumping data for table `south_migrationhistory`
--

LOCK TABLES `south_migrationhistory` WRITE;
/*!40000 ALTER TABLE `south_migrationhistory` DISABLE KEYS */;
/*!40000 ALTER TABLE `south_migrationhistory` ENABLE KEYS */;
UNLOCK TABLES;
/*!40103 SET TIME_ZONE=@OLD_TIME_ZONE */;

/*!40101 SET SQL_MODE=@OLD_SQL_MODE */;
/*!40014 SET FOREIGN_KEY_CHECKS=@OLD_FOREIGN_KEY_CHECKS */;
/*!40014 SET UNIQUE_CHECKS=@OLD_UNIQUE_CHECKS */;
/*!40101 SET CHARACTER_SET_CLIENT=@OLD_CHARACTER_SET_CLIENT */;
/*!40101 SET CHARACTER_SET_RESULTS=@OLD_CHARACTER_SET_RESULTS */;
/*!40101 SET COLLATION_CONNECTION=@OLD_COLLATION_CONNECTION */;
/*!40111 SET SQL_NOTES=@OLD_SQL_NOTES */;

-- Dump completed on 2013-12-03 18:44:59
